created_at,sentiment,volumne,sentiment_1dlag,volumne_1dlag,sentiment_2dlag,volumne_2dlag,sentiment_3dlag,volumne_3dlag,open,high,low,close,adjclose,open_prevDay,high_prevDay,low_prevDay,close_prevDay,adjclose_prevDay
2019-12-29,0.0,1,,,,,,,,,,,,,,,,
2019-12-30,0.17559148936170219,47,0.0,1.0,,,,,85.76,85.8,81.85,82.94,82.94,87.0,87.06,85.22,86.08,86.08
2019-12-31,0.18512,5,0.17559148936170219,47.0,0.0,1.0,,,81.0,84.26,80.42,83.67,83.67,85.76,85.8,81.85,82.94,82.94
2020-01-01,0.08213333333333332,3,0.18512,5.0,0.17559148936170219,47.0,0.0,1.0,,,,,,,,,,
2020-01-04,0.3906,3,0.08213333333333332,3.0,0.18512,5.0,0.17559148936170219,47.0,,,,,,,,,,
2020-01-05,0.22754999999999997,4,0.3906,3.0,0.08213333333333332,3.0,0.18512,5.0,,,,,,,,,,
2020-01-06,0.0,2,0.22754999999999997,4.0,0.3906,3.0,0.08213333333333332,3.0,88.09,90.31,88.0,90.31,90.31,88.1,90.8,87.38,88.6,88.6
2020-01-07,0.19845714285714286,14,0.0,2.0,0.22754999999999997,4.0,0.3906,3.0,92.28,94.33,90.67,93.81,93.81,88.09,90.31,88.0,90.31,90.31
2020-01-08,0.40055,2,0.19845714285714286,14.0,0.0,2.0,0.22754999999999997,4.0,94.74,99.7,93.65,98.43,98.43,92.28,94.33,90.67,93.81,93.81
2020-01-09,0.2294,2,0.40055,2.0,0.19845714285714286,14.0,0.0,2.0,99.42,99.76,94.57,96.27,96.27,94.74,99.7,93.65,98.43,98.43
2020-01-10,0.24371333333333334,15,0.2294,2.0,0.40055,2.0,0.19845714285714286,14.0,96.36,96.99,94.74,95.63,95.63,99.42,99.76,94.57,96.27,96.27
2020-01-11,-0.055316666666666674,6,0.24371333333333334,15.0,0.2294,2.0,0.40055,2.0,,,,,,,,,,
2020-01-12,-0.05975454545454544,11,-0.055316666666666674,6.0,0.24371333333333334,15.0,0.2294,2.0,,,,,,,,,,
2020-01-13,0.8687,1,-0.05975454545454544,11.0,-0.055316666666666674,6.0,0.24371333333333334,15.0,98.7,105.13,98.4,104.97,104.97,96.36,96.99,94.74,95.63,95.63
2020-01-14,0.3806428571428571,7,0.8687,1.0,-0.05975454545454544,11.0,-0.055316666666666674,6.0,108.85,109.48,104.98,107.58,107.58,98.7,105.13,98.4,104.97,104.97
2020-01-15,0.37565,2,0.3806428571428571,7.0,0.8687,1.0,-0.05975454545454544,11.0,105.95,107.57,103.36,103.7,103.7,108.85,109.48,104.98,107.58,107.58
2020-01-16,-0.1371375,8,0.37565,2.0,0.3806428571428571,7.0,0.8687,1.0,98.75,102.89,98.43,102.7,102.7,105.95,107.57,103.36,103.7,103.7
2020-01-17,0.1839090909090909,22,-0.1371375,8.0,0.37565,2.0,0.3806428571428571,7.0,101.52,103.13,100.63,102.1,102.1,98.75,102.89,98.43,102.7,102.7
2020-01-18,0.07224,5,0.1839090909090909,22.0,-0.1371375,8.0,0.37565,2.0,,,,,,,,,,
2020-01-19,0.11136428571428571,14,0.07224,5.0,0.1839090909090909,22.0,-0.1371375,8.0,,,,,,,,,,
2020-01-20,0.49033333333333334,3,0.11136428571428571,14.0,0.07224,5.0,0.1839090909090909,22.0,,,,,,,,,,
2020-01-21,0.2944857142857143,7,0.49033333333333334,3.0,0.11136428571428571,14.0,0.07224,5.0,106.05,109.72,105.68,109.44,109.44,101.52,103.13,100.63,102.1,102.1
2020-01-22,0.22123636363636365,11,0.2944857142857143,7.0,0.49033333333333334,3.0,0.11136428571428571,14.0,114.38,118.9,111.82,113.91,113.91,106.05,109.72,105.68,109.44,109.44
2020-01-23,0.33585714285714285,7,0.22123636363636365,11.0,0.2944857142857143,7.0,0.49033333333333334,3.0,112.85,116.4,111.12,114.44,114.44,114.38,118.9,111.82,113.91,113.91
2020-01-24,0.0,2,0.33585714285714285,7.0,0.22123636363636365,11.0,0.2944857142857143,7.0,114.13,114.77,110.85,112.96,112.96,112.85,116.4,111.12,114.44,114.44
2020-01-25,0.11300909090909089,11,0.0,2.0,0.33585714285714285,7.0,0.22123636363636365,11.0,,,,,,,,,,
2020-01-26,0.2463,2,0.11300909090909089,11.0,0.0,2.0,0.33585714285714285,7.0,,,,,,,,,,
2020-01-27,0.24104,5,0.2463,2.0,0.11300909090909089,11.0,0.0,2.0,108.4,112.89,107.86,111.6,111.6,114.13,114.77,110.85,112.96,112.96
2020-01-28,0.21528333333333335,6,0.24104,5.0,0.2463,2.0,0.11300909090909089,11.0,113.7,115.36,111.62,113.38,113.38,108.4,112.89,107.86,111.6,111.6
2020-01-29,0.25860769230769226,13,0.21528333333333335,6.0,0.24104,5.0,0.2463,2.0,115.14,117.96,113.49,116.2,116.2,113.7,115.36,111.62,113.38,113.38
2020-01-30,0.22571666666666668,6,0.25860769230769226,13.0,0.21528333333333335,6.0,0.24104,5.0,126.48,130.18,123.6,128.16,128.16,115.14,117.96,113.49,116.2,116.2
2020-01-31,0.15404444444444443,18,0.22571666666666668,6.0,0.25860769230769226,13.0,0.21528333333333335,6.0,128.0,130.6,126.5,130.11,130.11,126.48,130.18,123.6,128.16,128.16
2020-02-01,0.039128571428571415,7,0.15404444444444443,18.0,0.22571666666666668,6.0,0.25860769230769226,13.0,,,,,,,,,,
2020-02-02,0.26878571428571424,14,0.039128571428571415,7.0,0.15404444444444443,18.0,0.22571666666666668,6.0,,,,,,,,,,
2020-02-03,0.20320625,16,0.26878571428571424,14.0,0.039128571428571415,7.0,0.15404444444444443,18.0,134.74,157.23,134.7,156.0,156.0,128.0,130.6,126.5,130.11,130.11
2020-02-04,0.437425,4,0.20320625,16.0,0.26878571428571424,14.0,0.039128571428571415,7.0,176.59,193.8,166.78,177.41,177.41,134.74,157.23,134.7,156.0,156.0
2020-02-05,0.1798181818181818,11,0.437425,4.0,0.20320625,16.0,0.26878571428571424,14.0,164.65,169.2,140.82,146.94,146.94,176.59,193.8,166.78,177.41,177.41
2020-02-06,0.13706000000000002,25,0.1798181818181818,11.0,0.437425,4.0,0.20320625,16.0,139.98,159.17,137.4,149.79,149.79,164.65,169.2,140.82,146.94,146.94
2020-02-07,0.5602000000000001,7,0.13706000000000002,25.0,0.1798181818181818,11.0,0.437425,4.0,146.11,153.95,146.0,149.61,149.61,139.98,159.17,137.4,149.79,149.79
2020-02-08,0.20959090909090908,11,0.5602000000000001,7.0,0.13706000000000002,25.0,0.1798181818181818,11.0,,,,,,,,,,
2020-02-09,0.17716,5,0.20959090909090908,11.0,0.5602000000000001,7.0,0.13706000000000002,25.0,,,,,,,,,,
2020-02-10,0.26007142857142856,21,0.17716,5.0,0.20959090909090908,11.0,0.5602000000000001,7.0,160.0,164.0,150.48,154.26,154.26,146.11,153.95,146.0,149.61,149.61
2020-02-12,0.23570000000000002,7,0.26007142857142856,21.0,0.17716,5.0,0.20959090909090908,11.0,155.57,157.95,152.67,153.46,153.46,153.76,156.7,151.6,154.88,154.88
2020-02-13,-0.268,2,0.23570000000000002,7.0,0.26007142857142856,21.0,0.17716,5.0,148.37,163.6,147.0,160.8,160.8,155.57,157.95,152.67,153.46,153.46
2020-02-14,0.204675,8,-0.268,2.0,0.23570000000000002,7.0,0.26007142857142856,21.0,157.44,162.59,157.1,160.01,160.01,148.37,163.6,147.0,160.8,160.8
2020-02-15,0.19437894736842107,19,0.204675,8.0,-0.268,2.0,0.23570000000000002,7.0,,,,,,,,,,
2020-02-16,0.08143333333333332,3,0.19437894736842107,19.0,0.204675,8.0,-0.268,2.0,,,,,,,,,,
2020-02-17,0.18245714285714287,7,0.08143333333333332,3.0,0.19437894736842107,19.0,0.204675,8.0,,,,,,,,,,
2020-02-18,0.2673,5,0.18245714285714287,7.0,0.08143333333333332,3.0,0.19437894736842107,19.0,168.32,172.0,166.47,171.68,171.68,157.44,162.59,157.1,160.01,160.01
2020-02-19,0.2885333333333333,6,0.2673,5.0,0.18245714285714287,7.0,0.08143333333333332,3.0,184.7,188.96,180.2,183.48,183.48,168.32,172.0,166.47,171.68,171.68
2020-02-20,0.13592352941176475,17,0.2885333333333333,6.0,0.2673,5.0,0.18245714285714287,7.0,182.39,182.4,171.99,179.88,179.88,184.7,188.96,180.2,183.48,183.48
2020-02-21,0.164925,4,0.13592352941176475,17.0,0.2885333333333333,6.0,0.2673,5.0,181.4,182.61,176.09,180.2,180.2,182.39,182.4,171.99,179.88,179.88
2020-02-22,0.38882000000000005,5,0.164925,4.0,0.13592352941176475,17.0,0.2885333333333333,6.0,,,,,,,,,,
2020-02-25,0.10145714285714284,14,0.38882000000000005,5.0,0.164925,4.0,0.13592352941176475,17.0,169.8,171.32,157.4,159.98,159.98,167.8,172.7,164.44,166.76,166.76
2020-02-26,0.3976444444444444,9,0.10145714285714284,14.0,0.38882000000000005,5.0,0.164925,4.0,156.5,162.66,155.22,155.76,155.76,169.8,171.32,157.4,159.98,159.98
2020-02-27,0.11315,2,0.3976444444444444,9.0,0.10145714285714284,14.0,0.38882000000000005,5.0,146.0,147.95,133.8,135.8,135.8,156.5,162.66,155.22,155.76,155.76
2020-02-28,0.10115,2,0.11315,2.0,0.3976444444444444,9.0,0.10145714285714284,14.0,125.94,138.1,122.3,133.6,133.6,146.0,147.95,133.8,135.8,135.8
2020-02-29,0.7088,1,0.10115,2.0,0.11315,2.0,0.3976444444444444,9.0,,,,,,,,,,
2020-03-02,0.21478181818181818,11,0.7088,1.0,0.10115,2.0,0.11315,2.0,142.25,148.74,137.33,148.72,148.72,125.94,138.1,122.3,133.6,133.6
2020-03-03,0.22564,10,0.21478181818181818,11.0,0.7088,1.0,0.10115,2.0,161.0,161.4,143.22,149.1,149.1,142.25,148.74,137.33,148.72,148.72
2020-03-04,0.43647142857142857,7,0.22564,10.0,0.21478181818181818,11.0,0.7088,1.0,152.79,153.3,144.95,149.9,149.9,161.0,161.4,143.22,149.1,149.1
2020-03-05,0.0,2,0.43647142857142857,7.0,0.22564,10.0,0.21478181818181818,11.0,144.75,149.15,143.61,144.91,144.91,152.79,153.3,144.95,149.9,149.9
2020-03-06,-0.765,1,0.0,2.0,0.43647142857142857,7.0,0.22564,10.0,138.0,141.4,136.85,140.7,140.7,144.75,149.15,143.61,144.91,144.91
2020-03-07,-0.04520000000000001,7,-0.765,1.0,0.0,2.0,0.43647142857142857,7.0,,,,,,,,,,
2020-03-08,0.10801250000000001,8,-0.04520000000000001,7.0,-0.765,1.0,0.0,2.0,,,,,,,,,,
2020-03-09,-0.11006666666666666,3,0.10801250000000001,8.0,-0.04520000000000001,7.0,-0.765,1.0,121.08,132.6,121.0,121.6,121.6,138.0,141.4,136.85,140.7,140.7
2020-03-10,0.20559999999999998,18,-0.11006666666666666,3.0,0.10801250000000001,8.0,-0.04520000000000001,7.0,131.89,133.6,121.6,129.07,129.07,121.08,132.6,121.0,121.6,121.6
2020-03-11,0.1153190476190476,21,0.20559999999999998,18.0,-0.11006666666666666,3.0,0.10801250000000001,8.0,128.04,130.72,122.6,126.85,126.85,131.89,133.6,121.6,129.07,129.07
2020-03-12,0.1027,1,0.1153190476190476,21.0,0.20559999999999998,18.0,-0.11006666666666666,3.0,116.18,118.9,109.25,112.11,112.11,128.04,130.72,122.6,126.85,126.85
2020-03-14,0.12968461538461537,13,0.1027,1.0,0.1153190476190476,21.0,0.20559999999999998,18.0,,,,,,,,,,
2020-03-15,0.07105,2,0.12968461538461537,13.0,0.1027,1.0,0.1153190476190476,21.0,,,,,,,,,,
2020-03-16,0.10527272727272727,11,0.07105,2.0,0.12968461538461537,13.0,0.1027,1.0,93.9,98.97,88.43,89.01,89.01,119.0,121.51,100.4,109.32,109.32
2020-03-17,0.2353,9,0.10527272727272727,11.0,0.07105,2.0,0.12968461538461537,13.0,88.0,94.37,79.2,86.04,86.04,93.9,98.97,88.43,89.01,89.01
2020-03-18,0.1370875,16,0.2353,9.0,0.10527272727272727,11.0,0.07105,2.0,77.8,80.97,70.1,72.24,72.24,88.0,94.37,79.2,86.04,86.04
2020-03-19,0.04482272727272727,22,0.1370875,16.0,0.2353,9.0,0.10527272727272727,11.0,74.94,90.4,71.69,85.53,85.53,77.8,80.97,70.1,72.24,72.24
2020-03-20,0.2576,6,0.04482272727272727,22.0,0.1370875,16.0,0.2353,9.0,87.64,95.4,85.16,85.51,85.51,74.94,90.4,71.69,85.53,85.53
2020-03-21,0.2524416666666667,12,0.2576,6.0,0.04482272727272727,22.0,0.1370875,16.0,,,,,,,,,,
2020-03-22,-0.25165,6,0.2524416666666667,12.0,0.2576,6.0,0.04482272727272727,22.0,,,,,,,,,,
2020-03-23,0.26427500000000004,16,-0.25165,6.0,0.2524416666666667,12.0,0.2576,6.0,86.72,88.4,82.1,86.86,86.86,87.64,95.4,85.16,85.51,85.51
2020-03-24,0.24736,15,0.26427500000000004,16.0,-0.25165,6.0,0.2524416666666667,12.0,95.46,102.74,94.8,101.0,101.0,86.72,88.4,82.1,86.86,86.86
2020-03-25,0.28659999999999997,5,0.24736,15.0,0.26427500000000004,16.0,-0.25165,6.0,109.05,111.4,102.22,107.85,107.85,95.46,102.74,94.8,101.0,101.0
2020-03-26,0.08792666666666667,15,0.28659999999999997,5.0,0.24736,15.0,0.26427500000000004,16.0,109.48,112.0,102.45,105.63,105.63,109.05,111.4,102.22,107.85,107.85
2020-03-27,0.2399,11,0.08792666666666667,15.0,0.28659999999999997,5.0,0.24736,15.0,101.0,105.16,98.81,102.87,102.87,109.48,112.0,102.45,105.63,105.63
2020-03-28,0.14086666666666667,3,0.2399,11.0,0.08792666666666667,15.0,0.28659999999999997,5.0,,,,,,,,,,
2020-03-30,0.1305111111111111,9,0.14086666666666667,3.0,0.2399,11.0,0.08792666666666667,15.0,102.05,103.33,98.25,100.43,100.43,101.0,105.16,98.81,102.87,102.87
2020-03-31,0.2064142857142857,7,0.1305111111111111,9.0,0.14086666666666667,3.0,0.2399,11.0,100.25,108.59,99.4,104.8,104.8,102.05,103.33,98.25,100.43,100.43
2020-04-01,0.37914,5,0.2064142857142857,7.0,0.1305111111111111,9.0,0.14086666666666667,3.0,100.8,102.79,95.02,96.31,96.31,100.25,108.59,99.4,104.8,104.8
2020-04-02,-0.027099999999999992,11,0.37914,5.0,0.2064142857142857,7.0,0.1305111111111111,9.0,96.21,98.85,89.28,90.89,90.89,100.8,102.79,95.02,96.31,96.31
2020-04-03,0.1944235294117647,17,-0.027099999999999992,11.0,0.37914,5.0,0.2064142857142857,7.0,101.9,103.1,93.68,96.0,96.0,96.21,98.85,89.28,90.89,90.89
2020-04-04,0.023044444444444447,9,0.1944235294117647,17.0,-0.027099999999999992,11.0,0.37914,5.0,,,,,,,,,,
2020-04-05,0.2047571428571428,21,0.023044444444444447,9.0,0.1944235294117647,17.0,-0.027099999999999992,11.0,,,,,,,,,,
2020-04-06,0.1722923076923077,13,0.2047571428571428,21.0,0.023044444444444447,9.0,0.1944235294117647,17.0,102.24,104.2,99.59,103.25,103.25,101.9,103.1,93.68,96.0,96.0
2020-04-07,0.16439166666666666,12,0.1722923076923077,13.0,0.2047571428571428,21.0,0.023044444444444447,9.0,109.0,113.0,106.47,109.09,109.09,102.24,104.2,99.59,103.25,103.25
2020-04-08,0.18839,10,0.16439166666666666,12.0,0.1722923076923077,13.0,0.2047571428571428,21.0,110.84,111.44,106.67,109.77,109.77,109.0,113.0,106.47,109.09,109.09
2020-04-09,0.04272727272727274,11,0.18839,10.0,0.16439166666666666,12.0,0.1722923076923077,13.0,112.42,115.04,111.42,114.6,114.6,110.84,111.44,106.67,109.77,109.77
2020-04-10,0.06675,6,0.04272727272727274,11.0,0.18839,10.0,0.16439166666666666,12.0,,,,,,,,,,
2020-04-11,0.19711250000000002,8,0.06675,6.0,0.04272727272727274,11.0,0.18839,10.0,,,,,,,,,,
2020-04-12,0.2075142857142857,7,0.19711250000000002,8.0,0.06675,6.0,0.04272727272727274,11.0,,,,,,,,,,
2020-04-13,0.1586428571428571,7,0.2075142857142857,7.0,0.19711250000000002,8.0,0.06675,6.0,118.03,130.4,116.11,130.19,130.19,112.42,115.04,111.42,114.6,114.6
2020-04-14,0.353175,4,0.1586428571428571,7.0,0.2075142857142857,7.0,0.19711250000000002,8.0,139.79,148.38,138.49,141.98,141.98,118.03,130.4,116.11,130.19,130.19
2020-04-15,0.4854,1,0.353175,4.0,0.1586428571428571,7.0,0.2075142857142857,7.0,148.4,150.63,142.0,145.97,145.97,139.79,148.38,138.49,141.98,141.98
2020-04-16,0.15155438596491227,57,0.4854,1.0,0.353175,4.0,0.1586428571428571,7.0,143.39,151.89,141.34,149.04,149.04,148.4,150.63,142.0,145.97,145.97
2020-04-17,0.05135000000000001,10,0.15155438596491227,57.0,0.4854,1.0,0.353175,4.0,154.46,154.99,149.53,150.78,150.78,143.39,151.89,141.34,149.04,149.04
2020-04-18,0.22367058823529415,17,0.05135000000000001,10.0,0.15155438596491227,57.0,0.4854,1.0,,,,,,,,,,
2020-04-19,0.3101928571428571,14,0.22367058823529415,17.0,0.05135000000000001,10.0,0.15155438596491227,57.0,,,,,,,,,,
2020-04-20,0.31457999999999997,5,0.3101928571428571,14.0,0.22367058823529415,17.0,0.05135000000000001,10.0,146.54,153.11,142.44,149.27,149.27,154.46,154.99,149.53,150.78,150.78
2020-04-21,0.3157555555555555,9,0.31457999999999997,5.0,0.3101928571428571,14.0,0.22367058823529415,17.0,146.02,150.67,134.76,137.34,137.34,146.54,153.11,142.44,149.27,149.27
2020-04-22,0.1670625,24,0.3157555555555555,9.0,0.31457999999999997,5.0,0.3101928571428571,14.0,140.8,146.8,137.74,146.42,146.42,146.02,150.67,134.76,137.34,137.34
2020-04-23,0.3012619047619048,21,0.1670625,24.0,0.3157555555555555,9.0,0.31457999999999997,5.0,145.52,146.8,140.63,141.13,141.13,140.8,146.8,137.74,146.42,146.42
2020-04-24,0.07873529411764707,17,0.3012619047619048,21.0,0.1670625,24.0,0.3157555555555555,9.0,142.16,146.15,139.64,145.03,145.03,145.52,146.8,140.63,141.13,141.13
2020-04-25,0.3501363636363637,22,0.07873529411764707,17.0,0.3012619047619048,21.0,0.1670625,24.0,,,,,,,,,,
2020-04-26,0.16381538461538464,13,0.3501363636363637,22.0,0.07873529411764707,17.0,0.3012619047619048,21.0,,,,,,,,,,
2020-04-27,0.14953999999999998,25,0.16381538461538464,13.0,0.3501363636363637,22.0,0.07873529411764707,17.0,147.52,159.9,147.0,159.75,159.75,142.16,146.15,139.64,145.03,145.03
2020-04-28,0.0,1,0.14953999999999998,25.0,0.16381538461538464,13.0,0.3501363636363637,22.0,159.13,161.0,151.34,153.82,153.82,147.52,159.9,147.0,159.75,159.75
2020-04-29,0.15051111111111112,9,0.0,1.0,0.14953999999999998,25.0,0.16381538461538464,13.0,158.03,160.64,156.63,160.1,160.1,159.13,161.0,151.34,153.82,153.82
2020-04-30,0.009075000000000019,24,0.15051111111111112,9.0,0.0,1.0,0.14953999999999998,25.0,171.04,173.96,152.7,156.38,156.38,158.03,160.64,156.63,160.1,160.1
2020-05-01,0.09814827586206896,29,0.009075000000000019,24.0,0.15051111111111112,9.0,0.0,1.0,151.0,154.55,136.61,140.26,140.26,171.04,173.96,152.7,156.38,156.38
2020-05-02,0.28909999999999997,14,0.09814827586206896,29.0,0.009075000000000019,24.0,0.15051111111111112,9.0,,,,,,,,,,
2020-05-03,0.45858,10,0.28909999999999997,14.0,0.09814827586206896,29.0,0.009075000000000019,24.0,,,,,,,,,,
2020-05-04,0.06674736842105262,19,0.45858,10.0,0.28909999999999997,14.0,0.09814827586206896,29.0,140.2,152.4,139.6,152.24,152.24,151.0,154.55,136.61,140.26,140.26
2020-05-05,0.12159499999999998,20,0.06674736842105262,19.0,0.45858,10.0,0.28909999999999997,14.0,157.96,159.78,152.44,153.64,153.64,140.2,152.4,139.6,152.24,152.24
2020-05-06,0.2609894736842106,19,0.12159499999999998,20.0,0.06674736842105262,19.0,0.45858,10.0,155.3,157.96,152.22,156.52,156.52,157.96,159.78,152.44,153.64,153.64
2020-05-07,0.09838333333333331,30,0.2609894736842106,19.0,0.12159499999999998,20.0,0.06674736842105262,19.0,155.44,159.28,154.47,156.01,156.01,155.3,157.96,152.22,156.52,156.52
2020-05-08,0.26398124999999995,16,0.09838333333333331,30.0,0.2609894736842106,19.0,0.12159499999999998,20.0,158.75,164.8,157.4,163.88,163.88,155.44,159.28,154.47,156.01,156.01
2020-05-09,0.04312777777777777,18,0.26398124999999995,16.0,0.09838333333333331,30.0,0.2609894736842106,19.0,,,,,,,,,,
2020-05-10,-0.010085714285714285,14,0.04312777777777777,18.0,0.26398124999999995,16.0,0.09838333333333331,30.0,,,,,,,,,,
2020-05-11,0.23364166666666666,24,-0.010085714285714285,14.0,0.04312777777777777,18.0,0.26398124999999995,16.0,158.1,164.8,157.0,162.26,162.26,158.75,164.8,157.4,163.88,163.88
2020-05-12,0.17825,18,0.23364166666666666,24.0,-0.010085714285714285,14.0,0.04312777777777777,18.0,165.4,168.66,161.6,161.88,161.88,158.1,164.8,157.0,162.26,162.26
2020-05-13,0.18363157894736842,19,0.17825,18.0,0.23364166666666666,24.0,-0.010085714285714285,14.0,164.17,165.2,152.66,158.19,158.19,165.4,168.66,161.6,161.88,161.88
2020-05-14,0.1914888888888889,9,0.18363157894736842,19.0,0.17825,18.0,0.23364166666666666,24.0,156.0,160.67,152.8,160.67,160.67,164.17,165.2,152.66,158.19,158.19
2020-05-15,0.169604347826087,46,0.1914888888888889,9.0,0.18363157894736842,19.0,0.17825,18.0,158.07,161.01,157.31,159.83,159.83,156.0,160.67,152.8,160.67,160.67
2020-05-17,0.2593142857142857,7,0.169604347826087,46.0,0.1914888888888889,9.0,0.18363157894736842,19.0,,,,,,,,,,
2020-05-18,0.5007,3,0.2593142857142857,7.0,0.169604347826087,46.0,0.1914888888888889,9.0,165.56,166.94,160.78,162.73,162.73,158.07,161.01,157.31,159.83,159.83
2020-05-19,0.07,7,0.5007,3.0,0.2593142857142857,7.0,0.169604347826087,46.0,163.03,164.41,161.22,161.6,161.6,165.56,166.94,160.78,162.73,162.73
2020-05-20,0.4215,1,0.07,7.0,0.5007,3.0,0.2593142857142857,7.0,164.1,165.2,162.36,163.11,163.11,163.03,164.41,161.22,161.6,161.6
2020-05-21,0.10606666666666666,6,0.4215,1.0,0.07,7.0,0.5007,3.0,163.2,166.5,159.2,165.52,165.52,164.1,165.2,162.36,163.11,163.11
2020-05-22,0.1572571428571429,14,0.10606666666666666,6.0,0.4215,1.0,0.07,7.0,164.43,166.36,162.4,163.38,163.38,163.2,166.5,159.2,165.52,165.52
2020-05-23,0.20186923076923075,13,0.1572571428571429,14.0,0.10606666666666666,6.0,0.4215,1.0,,,,,,,,,,
2020-05-24,-0.017575000000000007,8,0.20186923076923075,13.0,0.1572571428571429,14.0,0.10606666666666666,6.0,,,,,,,,,,
2020-05-25,0.23886666666666664,3,-0.017575000000000007,8.0,0.20186923076923075,13.0,0.1572571428571429,14.0,,,,,,,,,,
2020-05-26,0.3159888888888889,9,0.23886666666666664,3.0,-0.017575000000000007,8.0,0.20186923076923075,13.0,166.9,166.92,163.14,163.77,163.77,164.43,166.36,162.4,163.38,163.38
2020-05-27,0.22951538461538462,13,0.3159888888888889,9.0,0.23886666666666664,3.0,-0.017575000000000007,8.0,164.17,165.54,157.0,164.05,164.05,166.9,166.92,163.14,163.77,163.77
2020-05-29,0.2653666666666667,3,0.22951538461538462,13.0,0.3159888888888889,9.0,0.23886666666666664,3.0,161.75,167.0,160.84,167.0,167.0,162.7,164.95,160.34,161.16,161.16
2020-05-30,0.09834444444444444,9,0.2653666666666667,3.0,0.22951538461538462,13.0,0.3159888888888889,9.0,,,,,,,,,,
2020-05-31,0.07951666666666667,12,0.09834444444444444,9.0,0.2653666666666667,3.0,0.22951538461538462,13.0,,,,,,,,,,
2020-06-01,-0.005699999999999997,4,0.07951666666666667,12.0,0.09834444444444444,9.0,0.2653666666666667,3.0,171.6,179.8,170.82,179.62,179.62,161.75,167.0,160.84,167.0,167.0
2020-06-02,0.064,2,-0.005699999999999997,4.0,0.07951666666666667,12.0,0.09834444444444444,9.0,178.94,181.73,174.2,176.31,176.31,171.6,179.8,170.82,179.62,179.62
2020-06-04,0.09645555555555554,9,0.064,2.0,-0.005699999999999997,4.0,0.07951666666666667,12.0,177.98,179.15,171.69,172.88,172.88,177.62,179.59,176.02,176.59,176.59
2020-06-05,0.13396666666666665,3,0.09645555555555554,9.0,0.064,2.0,-0.005699999999999997,4.0,175.57,177.3,173.24,177.13,177.13,177.98,179.15,171.69,172.88,172.88
2020-06-06,0.07574166666666667,12,0.13396666666666665,3.0,0.09645555555555554,9.0,0.064,2.0,,,,,,,,,,
2020-06-07,0.22513333333333332,12,0.07574166666666667,12.0,0.13396666666666665,3.0,0.09645555555555554,9.0,,,,,,,,,,
2020-06-08,0.15257272727272728,11,0.22513333333333332,12.0,0.07574166666666667,12.0,0.13396666666666665,3.0,183.8,190.0,181.83,189.98,189.98,175.57,177.3,173.24,177.13,177.13
2020-06-09,0.023499999999999993,4,0.15257272727272728,11.0,0.22513333333333332,12.0,0.07574166666666667,12.0,188.0,190.89,184.79,188.13,188.13,183.8,190.0,181.83,189.98,189.98
2020-06-10,0.24470000000000003,27,0.023499999999999993,4.0,0.15257272727272728,11.0,0.22513333333333332,12.0,198.38,205.5,196.5,205.01,205.01,188.0,190.89,184.79,188.13,188.13
2020-06-11,0.1752466666666667,15,0.24470000000000003,27.0,0.023499999999999993,4.0,0.15257272727272728,11.0,198.04,203.79,194.4,194.57,194.57,198.38,205.5,196.5,205.01,205.01
2020-06-14,0.212,3,0.1752466666666667,15.0,0.24470000000000003,27.0,0.023499999999999993,4.0,,,,,,,,,,
2020-06-15,0.05349166666666666,12,0.212,3.0,0.1752466666666667,15.0,0.24470000000000003,27.0,183.56,199.77,181.7,198.18,198.18,196.0,197.6,182.52,187.06,187.06
2020-06-16,0.06326000000000001,20,0.05349166666666666,12.0,0.212,3.0,0.1752466666666667,15.0,202.37,202.58,192.48,196.43,196.43,183.56,199.77,181.7,198.18,198.18
2020-06-17,0.17305000000000004,2,0.06326000000000001,20.0,0.05349166666666666,12.0,0.212,3.0,197.54,201.0,196.51,198.36,198.36,202.37,202.58,192.48,196.43,196.43
2020-06-18,0.05731428571428571,7,0.17305000000000004,2.0,0.06326000000000001,20.0,0.05349166666666666,12.0,200.6,203.84,198.89,200.79,200.79,197.54,201.0,196.51,198.36,198.36
2020-06-19,0.15981666666666663,6,0.05731428571428571,7.0,0.17305000000000004,2.0,0.06326000000000001,20.0,202.56,203.19,198.27,200.18,200.18,200.6,203.84,198.89,200.79,200.79
2020-06-20,0.11796666666666668,9,0.15981666666666663,6.0,0.05731428571428571,7.0,0.17305000000000004,2.0,,,,,,,,,,
2020-06-21,0.29077297297297294,37,0.11796666666666668,9.0,0.15981666666666663,6.0,0.05731428571428571,7.0,,,,,,,,,,
2020-06-22,0.11482857142857142,7,0.29077297297297294,37.0,0.11796666666666668,9.0,0.15981666666666663,6.0,199.99,201.78,198.0,198.86,198.86,202.56,203.19,198.27,200.18,200.18
2020-06-23,0.13343333333333332,3,0.11482857142857142,7.0,0.29077297297297294,37.0,0.11796666666666668,9.0,199.78,202.4,198.8,200.36,200.36,199.99,201.78,198.0,198.86,198.86
2020-06-24,0.2607285714285714,7,0.13343333333333332,3.0,0.11482857142857142,7.0,0.29077297297297294,37.0,198.82,200.18,190.63,192.17,192.17,199.78,202.4,198.8,200.36,200.36
2020-06-25,0.17327999999999996,10,0.2607285714285714,7.0,0.13343333333333332,3.0,0.11482857142857142,7.0,190.85,197.2,187.43,197.2,197.2,198.82,200.18,190.63,192.17,192.17
2020-06-26,0.20114444444444446,18,0.17327999999999996,10.0,0.2607285714285714,7.0,0.13343333333333332,3.0,198.96,199.0,190.97,191.95,191.95,190.85,197.2,187.43,197.2,197.2
2020-06-27,0.27168000000000003,5,0.20114444444444446,18.0,0.17327999999999996,10.0,0.2607285714285714,7.0,,,,,,,,,,
2020-06-28,0.16674,5,0.27168000000000003,5.0,0.20114444444444446,18.0,0.17327999999999996,10.0,,,,,,,,,,
2020-06-29,0.42532499999999995,4,0.16674,5.0,0.27168000000000003,5.0,0.20114444444444446,18.0,193.8,202.0,189.7,201.87,201.87,198.96,199.0,190.97,191.95,191.95
2020-06-30,0.15164545454545453,11,0.42532499999999995,4.0,0.16674,5.0,0.27168000000000003,5.0,201.3,217.54,200.75,215.96,215.96,193.8,202.0,189.7,201.87,201.87
2020-07-01,0.29508750000000006,16,0.15164545454545453,11.0,0.42532499999999995,4.0,0.16674,5.0,216.6,227.07,216.1,223.93,223.93,201.3,217.54,200.75,215.96,215.96
2020-07-02,0.21942820512820524,39,0.29508750000000006,16.0,0.15164545454545453,11.0,0.42532499999999995,4.0,244.3,245.6,237.12,241.73,241.73,216.6,227.07,216.1,223.93,223.93
2020-07-03,0.15159166666666665,24,0.21942820512820524,39.0,0.29508750000000006,16.0,0.15164545454545453,11.0,,,,,,,,,,
2020-07-04,0.17822368421052637,38,0.15159166666666665,24.0,0.21942820512820524,39.0,0.29508750000000006,16.0,,,,,,,,,,
2020-07-05,0.26522758620689657,29,0.17822368421052637,38.0,0.15159166666666665,24.0,0.21942820512820524,39.0,,,,,,,,,,
2020-07-06,0.18645714285714285,7,0.26522758620689657,29.0,0.17822368421052637,38.0,0.15159166666666665,24.0,255.34,275.56,253.21,274.32,274.32,244.3,245.6,237.12,241.73,241.73
2020-07-07,0.251225,4,0.18645714285714285,7.0,0.26522758620689657,29.0,0.17822368421052637,38.0,281.0,285.9,267.34,277.97,277.97,255.34,275.56,253.21,274.32,274.32
2020-07-08,0.14955000000000002,2,0.251225,4.0,0.18645714285714285,7.0,0.26522758620689657,29.0,281.0,283.45,262.27,273.18,273.18,281.0,285.9,267.34,277.97,277.97
2020-07-09,-0.0029250000000000144,8,0.14955000000000002,2.0,0.251225,4.0,0.18645714285714285,7.0,279.4,281.71,270.26,278.86,278.86,281.0,283.45,262.27,273.18,273.18
2020-07-10,0.26757272727272724,22,-0.0029250000000000144,8.0,0.14955000000000002,2.0,0.251225,4.0,279.2,309.78,275.2,308.93,308.93,279.4,281.71,270.26,278.86,278.86
2020-07-11,0.1147,4,0.26757272727272724,22.0,-0.0029250000000000144,8.0,0.14955000000000002,2.0,,,,,,,,,,
2020-07-12,0.3396333333333333,3,0.1147,4.0,0.26757272727272724,22.0,-0.0029250000000000144,8.0,,,,,,,,,,
2020-07-13,0.16458666666666663,15,0.3396333333333333,3.0,0.1147,4.0,0.26757272727272724,22.0,331.8,359.0,294.22,299.41,299.41,279.2,309.78,275.2,308.93,308.93
2020-07-14,0.26559166666666667,12,0.16458666666666663,15.0,0.3396333333333333,3.0,0.1147,4.0,311.2,318.0,286.2,303.36,303.36,331.8,359.0,294.22,299.41,299.41
2020-07-15,0.027693750000000007,16,0.26559166666666667,12.0,0.16458666666666663,15.0,0.3396333333333333,3.0,308.6,310.0,291.4,309.2,309.2,311.2,318.0,286.2,303.36,303.36
2020-07-17,-0.148,2,0.027693750000000007,16.0,0.26559166666666667,12.0,0.16458666666666663,15.0,302.69,307.5,298.0,300.17,300.17,295.43,306.34,293.2,300.13,300.13
2020-07-18,0.12966249999999999,16,-0.148,2.0,0.027693750000000007,16.0,0.26559166666666667,12.0,,,,,,,,,,
2020-07-19,0.24033000000000002,20,0.12966249999999999,16.0,-0.148,2.0,0.027693750000000007,16.0,,,,,,,,,,
2020-07-20,0.12634444444444445,9,0.24033000000000002,20.0,0.12966249999999999,16.0,-0.148,2.0,303.8,330.0,297.6,328.6,328.6,302.69,307.5,298.0,300.17,300.17
2020-07-21,0.11956874999999999,16,0.12634444444444445,9.0,0.24033000000000002,20.0,0.12966249999999999,16.0,327.99,335.0,311.6,313.67,313.67,303.8,330.0,297.6,328.6,328.6
2020-07-22,0.10881,20,0.11956874999999999,16.0,0.12634444444444445,9.0,0.24033000000000002,20.0,319.8,325.28,312.4,318.47,318.47,327.99,335.0,311.6,313.67,313.67
2020-07-23,0.1982769230769231,13,0.10881,20.0,0.11956874999999999,16.0,0.12634444444444445,9.0,335.79,337.8,296.15,302.61,302.61,319.8,325.28,312.4,318.47,318.47
2020-07-24,0.25890625000000006,16,0.1982769230769231,13.0,0.10881,20.0,0.11956874999999999,16.0,283.2,293.0,273.31,283.4,283.4,335.79,337.8,296.15,302.61,302.61
2020-07-25,-0.12528571428571428,7,0.25890625000000006,16.0,0.1982769230769231,13.0,0.10881,20.0,,,,,,,,,,
2020-07-26,0.23946500000000004,20,-0.12528571428571428,7.0,0.25890625000000006,16.0,0.1982769230769231,13.0,,,,,,,,,,
2020-07-27,0.2566074074074074,27,0.23946500000000004,20.0,-0.12528571428571428,7.0,0.25890625000000006,16.0,287.0,309.59,282.6,307.92,307.92,283.2,293.0,273.31,283.4,283.4
2020-07-28,0.08414444444444442,9,0.2566074074074074,27.0,0.23946500000000004,20.0,-0.12528571428571428,7.0,300.8,312.94,294.88,295.3,295.3,287.0,309.59,282.6,307.92,307.92
2020-07-29,0.10321111111111111,9,0.08414444444444442,9.0,0.2566074074074074,27.0,0.23946500000000004,20.0,300.2,306.96,297.4,299.82,299.82,300.8,312.94,294.88,295.3,295.3
2020-07-30,0.17183548387096778,31,0.10321111111111111,9.0,0.08414444444444442,9.0,0.2566074074074074,27.0,297.6,302.65,294.2,297.5,297.5,300.2,306.96,297.4,299.82,299.82
2020-07-31,0.12814,10,0.17183548387096778,31.0,0.10321111111111111,9.0,0.08414444444444442,9.0,303.0,303.41,284.2,286.15,286.15,297.6,302.65,294.2,297.5,297.5
2020-08-01,0.03302727272727274,11,0.12814,10.0,0.17183548387096778,31.0,0.10321111111111111,9.0,,,,,,,,,,
2020-08-02,0.1187047619047619,21,0.03302727272727274,11.0,0.12814,10.0,0.17183548387096778,31.0,,,,,,,,,,
2020-08-03,0.20768,5,0.1187047619047619,21.0,0.03302727272727274,11.0,0.12814,10.0,289.84,301.96,288.88,297.0,297.0,303.0,303.41,284.2,286.15,286.15
2020-08-04,0.18603333333333336,6,0.20768,5.0,0.1187047619047619,21.0,0.03302727272727274,11.0,299.0,305.48,292.4,297.4,297.4,289.84,301.96,288.88,297.0,297.0
2020-08-05,0.2789125,8,0.18603333333333336,6.0,0.20768,5.0,0.1187047619047619,21.0,298.6,299.97,293.66,297.0,297.0,299.0,305.48,292.4,297.4,297.4
2020-08-06,0.0,2,0.2789125,8.0,0.18603333333333336,6.0,0.20768,5.0,298.17,303.46,295.45,297.92,297.92,298.6,299.97,293.66,297.0,297.0
2020-08-07,0.17936363636363636,11,0.0,2.0,0.2789125,8.0,0.18603333333333336,6.0,299.91,299.95,283.0,290.54,290.54,298.17,303.46,295.45,297.92,297.92
2020-08-08,0.2113153846153846,13,0.17936363636363636,11.0,0.0,2.0,0.2789125,8.0,,,,,,,,,,
2020-08-09,0.0,3,0.2113153846153846,13.0,0.17936363636363636,11.0,0.0,2.0,,,,,,,,,,
2020-08-11,0.0939875,8,0.0,3.0,0.2113153846153846,13.0,0.17936363636363636,11.0,279.2,284.0,273.0,274.88,274.88,289.6,291.5,277.17,283.71,283.71
2020-08-12,-0.0258,1,0.0939875,8.0,0.0,3.0,0.2113153846153846,13.0,294.0,317.0,287.0,310.95,310.95,279.2,284.0,273.0,274.88,274.88
2020-08-13,0.12114285714285715,7,-0.0258,1.0,0.0939875,8.0,0.0,3.0,322.2,330.24,313.45,324.2,324.2,294.0,317.0,287.0,310.95,310.95
2020-08-14,0.34861153846153853,26,0.12114285714285715,7.0,-0.0258,1.0,0.0939875,8.0,333.0,333.76,325.33,330.14,330.14,322.2,330.24,313.45,324.2,324.2
2020-08-15,0.11180000000000002,13,0.34861153846153853,26.0,0.12114285714285715,7.0,-0.0258,1.0,,,,,,,,,,
2020-08-16,0.24300624999999995,16,0.11180000000000002,13.0,0.34861153846153853,26.0,0.12114285714285715,7.0,,,,,,,,,,
2020-08-17,0.12474444444444445,18,0.24300624999999995,16.0,0.11180000000000002,13.0,0.34861153846153853,26.0,335.4,369.17,334.57,367.13,367.13,333.0,333.76,325.33,330.14,330.14
2020-08-18,0.16949999999999998,17,0.12474444444444445,18.0,0.24300624999999995,16.0,0.11180000000000002,13.0,379.8,384.78,369.02,377.42,377.42,335.4,369.17,334.57,367.13,367.13
2020-08-19,0.1639083333333333,24,0.16949999999999998,17.0,0.12474444444444445,18.0,0.24300624999999995,16.0,373.0,382.2,368.24,375.71,375.71,379.8,384.78,369.02,377.42,377.42
2020-08-20,0.15317333333333333,15,0.1639083333333333,24.0,0.16949999999999998,17.0,0.12474444444444445,18.0,372.14,404.4,371.41,400.37,400.37,373.0,382.2,368.24,375.71,375.71
2020-08-21,0.196975,4,0.15317333333333333,15.0,0.1639083333333333,24.0,0.16949999999999998,17.0,408.95,419.1,405.01,410.0,410.0,372.14,404.4,371.41,400.37,400.37
2020-08-22,0.5095,1,0.196975,4.0,0.15317333333333333,15.0,0.1639083333333333,24.0,,,,,,,,,,
2020-08-24,0.013087499999999988,8,0.5095,1.0,0.196975,4.0,0.15317333333333333,15.0,425.26,425.8,385.5,402.84,402.84,408.95,419.1,405.01,410.0,410.0
2020-08-25,0.17800000000000002,6,0.013087499999999988,8.0,0.5095,1.0,0.196975,4.0,394.98,405.59,393.6,404.67,404.67,425.26,425.8,385.5,402.84,402.84
2020-08-26,0.12198333333333333,12,0.17800000000000002,6.0,0.013087499999999988,8.0,0.5095,1.0,412.0,433.2,410.73,430.63,430.63,394.98,405.59,393.6,404.67,404.67
2020-08-27,-0.0036272727272727316,11,0.12198333333333333,12.0,0.17800000000000002,6.0,0.013087499999999988,8.0,436.09,459.12,428.5,447.75,447.75,412.0,433.2,410.73,430.63,430.63
2020-08-28,0.1266733333333333,15,-0.0036272727272727316,11.0,0.12198333333333333,12.0,0.17800000000000002,6.0,459.02,463.7,437.3,442.68,442.68,436.09,459.12,428.5,447.75,447.75
2020-08-29,0.14992727272727271,11,0.1266733333333333,15.0,-0.0036272727272727316,11.0,0.12198333333333333,12.0,,,,,,,,,,
2020-08-30,0.1285142857142857,21,0.14992727272727271,11.0,0.1266733333333333,15.0,-0.0036272727272727316,11.0,,,,,,,,,,
2020-08-31,0.08274545454545454,11,0.1285142857142857,21.0,0.14992727272727271,11.0,0.1266733333333333,15.0,444.61,500.14,440.11,498.32,498.32,459.02,463.7,437.3,442.68,442.68
2020-09-01,-0.059887499999999996,8,0.08274545454545454,11.0,0.1285142857142857,21.0,0.14992727272727271,11.0,502.14,502.49,470.51,475.05,475.05,444.61,500.14,440.11,498.32,498.32
2020-09-02,0.3715,2,-0.059887499999999996,8.0,0.08274545454545454,11.0,0.1285142857142857,21.0,478.99,479.04,405.12,447.37,447.37,502.14,502.49,470.51,475.05,475.05
2020-09-03,0.15598333333333333,6,0.3715,2.0,-0.059887499999999996,8.0,0.08274545454545454,11.0,407.23,431.8,402.0,407.0,407.0,478.99,479.04,405.12,447.37,447.37
2020-09-04,0.08336,5,0.15598333333333333,6.0,0.3715,2.0,-0.059887499999999996,8.0,402.81,428.0,372.02,418.32,418.32,407.23,431.8,402.0,407.0,407.0
2020-09-05,0.05767499999999999,4,0.08336,5.0,0.15598333333333333,6.0,0.3715,2.0,,,,,,,,,,
2020-09-07,0.0407,4,0.05767499999999999,4.0,0.08336,5.0,0.15598333333333333,6.0,,,,,,,,,,
2020-09-08,0.0,1,0.0407,4.0,0.05767499999999999,4.0,0.08336,5.0,356.0,368.74,329.88,330.21,330.21,402.81,428.0,372.02,418.32,418.32
2020-09-09,0.11964,10,0.0,1.0,0.0407,4.0,0.05767499999999999,4.0,356.6,369.0,341.51,366.28,366.28,356.0,368.74,329.88,330.21,330.21
2020-09-10,0.3100727272727273,11,0.11964,10.0,0.0,1.0,0.0407,4.0,386.21,398.99,360.56,371.34,371.34,356.6,369.0,341.51,366.28,366.28
2020-09-11,0.6213000000000001,3,0.3100727272727273,11.0,0.11964,10.0,0.0,1.0,381.94,382.5,360.5,372.72,372.72,386.21,398.99,360.56,371.34,371.34
2020-09-12,0.17594615384615386,13,0.6213000000000001,3.0,0.3100727272727273,11.0,0.11964,10.0,,,,,,,,,,
2020-09-13,0.229775,4,0.17594615384615386,13.0,0.6213000000000001,3.0,0.3100727272727273,11.0,,,,,,,,,,
2020-09-14,0.22213333333333332,6,0.229775,4.0,0.17594615384615386,13.0,0.6213000000000001,3.0,380.95,420.0,373.3,419.62,419.62,381.94,382.5,360.5,372.72,372.72
2020-09-15,0.3550714285714286,14,0.22213333333333332,6.0,0.229775,4.0,0.17594615384615386,13.0,436.56,461.94,430.7,449.76,449.76,380.95,420.0,373.3,419.62,419.62
2020-09-16,0.040700000000000014,11,0.3550714285714286,14.0,0.22213333333333332,6.0,0.229775,4.0,439.87,457.79,435.31,441.76,441.76,436.56,461.94,430.7,449.76,449.76
2020-09-17,0.07156,5,0.040700000000000014,11.0,0.3550714285714286,14.0,0.22213333333333332,6.0,415.6,437.79,408.0,423.43,423.43,439.87,457.79,435.31,441.76,441.76
2020-09-18,0.43835,4,0.07156,5.0,0.040700000000000014,11.0,0.3550714285714286,14.0,447.94,451.0,428.8,442.15,442.15,415.6,437.79,408.0,423.43,423.43
2020-09-19,0.30473333333333336,6,0.43835,4.0,0.07156,5.0,0.040700000000000014,11.0,,,,,,,,,,
2020-09-20,0.34484666666666663,15,0.30473333333333336,6.0,0.43835,4.0,0.07156,5.0,,,,,,,,,,
2020-09-21,0.508125,8,0.34484666666666663,15.0,0.30473333333333336,6.0,0.43835,4.0,453.13,455.68,407.07,449.39,449.39,447.94,451.0,428.8,442.15,442.15
2020-09-22,0.027250000000000007,6,0.508125,8.0,0.34484666666666663,15.0,0.30473333333333336,6.0,429.6,437.76,417.6,424.23,424.23,453.13,455.68,407.07,449.39,449.39
2020-09-23,0.237125,12,0.027250000000000007,6.0,0.508125,8.0,0.34484666666666663,15.0,405.16,412.15,375.88,380.36,380.36,429.6,437.76,417.6,424.23,424.23
2020-09-24,0.175075,4,0.237125,12.0,0.027250000000000007,6.0,0.508125,8.0,363.8,399.5,351.3,387.79,387.79,405.16,412.15,375.88,380.36,380.36
2020-09-25,0.07151875,16,0.175075,4.0,0.237125,12.0,0.027250000000000007,6.0,393.47,408.73,391.3,407.34,407.34,363.8,399.5,351.3,387.79,387.79
2020-09-26,0.18394137931034485,29,0.07151875,16.0,0.175075,4.0,0.237125,12.0,,,,,,,,,,
2020-09-28,0.2815727272727273,11,0.18394137931034485,29.0,0.07151875,16.0,0.175075,4.0,424.62,428.08,415.55,421.2,421.2,393.47,408.73,391.3,407.34,407.34
2020-09-29,0.025414285714285716,7,0.2815727272727273,11.0,0.18394137931034485,29.0,0.07151875,16.0,416.0,428.5,411.6,419.07,419.07,424.62,428.08,415.55,421.2,421.2
2020-09-30,0.3760666666666666,3,0.025414285714285716,7.0,0.2815727272727273,11.0,0.18394137931034485,29.0,421.32,433.93,420.47,429.01,429.01,416.0,428.5,411.6,419.07,419.07
2020-10-01,0.4419555555555556,9,0.3760666666666666,3.0,0.025414285714285716,7.0,0.2815727272727273,11.0,440.76,448.88,434.42,448.16,448.16,421.32,433.93,420.47,429.01,429.01
2020-10-02,0.32557777777777785,18,0.4419555555555556,9.0,0.3760666666666666,3.0,0.025414285714285716,7.0,421.39,439.13,415.0,415.09,415.09,440.76,448.88,434.42,448.16,448.16
2020-10-03,0.05204000000000001,5,0.32557777777777785,18.0,0.4419555555555556,9.0,0.3760666666666666,3.0,,,,,,,,,,
2020-10-04,0.12306666666666666,6,0.05204000000000001,5.0,0.32557777777777785,18.0,0.4419555555555556,9.0,,,,,,,,,,
2020-10-05,0.3312181818181818,11,0.12306666666666666,6.0,0.05204000000000001,5.0,0.32557777777777785,18.0,423.35,433.64,419.33,425.68,425.68,421.39,439.13,415.0,415.09,415.09
2020-10-06,0.2602583333333333,12,0.3312181818181818,11.0,0.12306666666666666,6.0,0.05204000000000001,5.0,423.79,428.78,406.05,413.98,413.98,423.35,433.64,419.33,425.68,425.68
2020-10-07,0.07919032258064519,31,0.2602583333333333,12.0,0.3312181818181818,11.0,0.12306666666666666,6.0,419.87,429.9,413.85,425.3,425.3,423.79,428.78,406.05,413.98,413.98
2020-10-08,0.2659357142857143,14,0.07919032258064519,31.0,0.2602583333333333,12.0,0.3312181818181818,11.0,438.44,439.0,425.3,425.92,425.92,419.87,429.9,413.85,425.3,425.3
2020-10-09,0.16218888888888888,9,0.2659357142857143,14.0,0.07919032258064519,31.0,0.2602583333333333,12.0,430.13,434.59,426.46,434.0,434.0,438.44,439.0,425.3,425.92,425.92
2020-10-10,0.16625,8,0.16218888888888888,9.0,0.2659357142857143,14.0,0.07919032258064519,31.0,,,,,,,,,,
2020-10-11,0.1576,7,0.16625,8.0,0.16218888888888888,9.0,0.2659357142857143,14.0,,,,,,,,,,
2020-10-12,0.28955000000000003,20,0.1576,7.0,0.16625,8.0,0.16218888888888888,9.0,442.0,448.74,438.58,442.3,442.3,430.13,434.59,426.46,434.0,434.0
2020-10-13,0.2443230769230769,13,0.28955000000000003,20.0,0.1576,7.0,0.16625,8.0,443.35,448.89,436.6,446.65,446.65,442.0,448.74,438.58,442.3,442.3
2020-10-14,0.25774210526315794,19,0.2443230769230769,13.0,0.28955000000000003,20.0,0.1576,7.0,449.78,465.9,447.35,461.3,461.3,443.35,448.89,436.6,446.65,446.65
2020-10-15,0.0,2,0.25774210526315794,19.0,0.2443230769230769,13.0,0.28955000000000003,20.0,450.31,456.57,442.5,448.88,448.88,449.78,465.9,447.35,461.3,461.3
2020-10-16,0.3396,10,0.0,2.0,0.25774210526315794,19.0,0.2443230769230769,13.0,454.44,455.95,438.85,439.67,439.67,450.31,456.57,442.5,448.88,448.88
2020-10-17,0.3401666666666667,6,0.3396,10.0,0.0,2.0,0.25774210526315794,19.0,,,,,,,,,,
2020-10-18,0.4019,1,0.3401666666666667,6.0,0.3396,10.0,0.0,2.0,,,,,,,,,,
2020-10-19,-0.11315,2,0.4019,1.0,0.3401666666666667,6.0,0.3396,10.0,446.24,447.0,428.87,430.83,430.83,454.44,455.95,438.85,439.67,439.67
2020-10-20,-0.020449999999999996,2,-0.11315,2.0,0.4019,1.0,0.3401666666666667,6.0,431.75,431.75,419.05,421.94,421.94,446.24,447.0,428.87,430.83,430.83
2020-10-21,0.08716666666666667,9,-0.020449999999999996,2.0,-0.11315,2.0,0.4019,1.0,422.7,432.95,421.25,422.64,422.64,431.75,431.75,419.05,421.94,421.94
2020-10-22,0.1774272727272727,11,0.08716666666666667,9.0,-0.020449999999999996,2.0,-0.11315,2.0,441.92,445.23,424.51,425.79,425.79,422.7,432.95,421.25,422.64,422.64
2020-10-23,0.30867142857142854,7,0.1774272727272727,11.0,0.08716666666666667,9.0,-0.020449999999999996,2.0,421.84,422.89,407.38,420.63,420.63,441.92,445.23,424.51,425.79,425.79
2020-10-24,0.23854999999999998,4,0.30867142857142854,7.0,0.1774272727272727,11.0,0.08716666666666667,9.0,,,,,,,,,,
2020-10-25,0.28250000000000003,4,0.23854999999999998,4.0,0.30867142857142854,7.0,0.1774272727272727,11.0,,,,,,,,,,
2020-10-26,0.2787,2,0.28250000000000003,4.0,0.23854999999999998,4.0,0.30867142857142854,7.0,411.63,425.76,410.0,420.28,420.28,421.84,422.89,407.38,420.63,420.63
2020-10-27,0.14955714285714286,7,0.2787,2.0,0.28250000000000003,4.0,0.23854999999999998,4.0,423.76,430.5,420.1,424.68,424.68,411.63,425.76,410.0,420.28,420.28
2020-10-28,0.0917090909090909,11,0.14955714285714286,7.0,0.2787,2.0,0.28250000000000003,4.0,416.48,418.6,406.0,406.02,406.02,423.76,430.5,420.1,424.68,424.68
2020-10-29,0.09422727272727273,11,0.0917090909090909,11.0,0.14955714285714286,7.0,0.2787,2.0,409.96,418.06,406.46,410.83,410.83,416.48,418.6,406.0,406.02,406.02
2020-10-30,0.20693999999999999,5,0.09422727272727273,11.0,0.0917090909090909,11.0,0.14955714285714286,7.0,406.9,407.59,379.11,388.04,388.04,409.96,418.06,406.46,410.83,410.83
2020-10-31,0.3119117647058824,17,0.20693999999999999,5.0,0.09422727272727273,11.0,0.0917090909090909,11.0,,,,,,,,,,
2020-11-01,0.2139999999999999,9,0.3119117647058824,17.0,0.20693999999999999,5.0,0.09422727272727273,11.0,,,,,,,,,,
2020-11-02,0.05836666666666668,9,0.2139999999999999,9.0,0.3119117647058824,17.0,0.20693999999999999,5.0,394.0,406.98,392.3,400.51,400.51,406.9,407.59,379.11,388.04,388.04
2020-11-03,0.13299,10,0.05836666666666668,9.0,0.2139999999999999,9.0,0.3119117647058824,17.0,409.73,427.77,406.69,423.9,423.9,394.0,406.98,392.3,400.51,400.51
2020-11-04,-0.2244,1,0.13299,10.0,0.05836666666666668,9.0,0.2139999999999999,9.0,430.62,435.4,417.1,420.98,420.98,409.73,427.77,406.69,423.9,423.9
2020-11-05,-0.10129999999999999,4,-0.2244,1.0,0.13299,10.0,0.05836666666666668,9.0,428.3,440.0,424.0,438.09,438.09,430.62,435.4,417.1,420.98,420.98
2020-11-06,0.20134166666666667,12,-0.10129999999999999,4.0,-0.2244,1.0,0.13299,10.0,436.1,436.57,424.28,429.95,429.95,428.3,440.0,424.0,438.09,438.09
2020-11-07,0.0,2,0.20134166666666667,12.0,-0.10129999999999999,4.0,-0.2244,1.0,,,,,,,,,,
